               epoch,      train/box_loss,      train/obj_loss,      train/cls_loss,   metrics/precision,      metrics/recall,     metrics/mAP_0.5,metrics/mAP_0.5:0.95,        val/box_loss,        val/obj_loss,        val/cls_loss,               x/lr0,               x/lr1,               x/lr2
                   0,             0.10686,             0.13321,                   0,               0.035,             0.37168,             0.03384,            0.012922,             0.10354,            0.060388,                   0,              0.0856,              0.0016,              0.0016
                   1,              0.1053,             0.13153,                   0,            0.029444,             0.46903,            0.036449,            0.012287,             0.10176,            0.061827,                   0,            0.070267,           0.0032673,           0.0032673
